{
  "factor_rolling": {
    "dates": [
      "2025-10",
      "2025-11",
      "2025-12",
      "2026-01",
      "2026-02",
      "2026-03",
      "2026-04"
    ],
    "avgs_vs_swrd_12m": [
      -6.76,
      -5.52,
      -0.92,
      4.86,
      13.32,
      13.34,
      15.74
    ],
    "threshold": -5
  },
  "factor_loadings": {
    "SWRD": {
      "alpha": 0.0089,
      "mkt_rf": 0.9288,
      "smb": -0.1118,
      "hml": -0.0924,
      "rmw": -0.1055,
      "cma": 0.066,
      "mom": 0.0077,
      "r2": 0.9678,
      "n_months": 79,
      "t_stats": {
        "alpha": 0.764,
        "mkt_rf": 34.753,
        "smb": -2.126,
        "hml": -1.864,
        "rmw": -1.821,
        "cma": 0.835,
        "mom": 0.258
      }
    },
    "EIMI": {
      "alpha": 0.01801,
      "mkt_rf": 0.8145,
      "smb": 0.5018,
      "hml": -0.2517,
      "rmw": -0.4308,
      "cma": 0.4094,
      "mom": -0.0505,
      "r2": 0.6612,
      "n_months": 79,
      "t_stats": {
        "alpha": 0.453,
        "mkt_rf": 7.988,
        "smb": 2.449,
        "hml": -1.263,
        "rmw": -1.531,
        "cma": 1.432,
        "mom": -0.339
      }
    },
    "AVUV": {
      "alpha": -0.00206,
      "mkt_rf": 1.3025,
      "smb": 0.8389,
      "hml": 0.8852,
      "rmw": -0.0144,
      "cma": -0.521,
      "mom": 0.0665,
      "r2": 0.8855,
      "n_months": 77,
      "t_stats": {
        "alpha": -0.055,
        "mkt_rf": 13.985,
        "smb": 3.782,
        "hml": 4.303,
        "rmw": -0.046,
        "cma": -1.742,
        "mom": 0.601
      }
    },
    "AVDV": {
      "alpha": 0.02916,
      "mkt_rf": 1.0499,
      "smb": 0.9018,
      "hml": 0.3776,
      "rmw": 0.5368,
      "cma": 0.1097,
      "mom": -0.0421,
      "r2": 0.9455,
      "n_months": 77,
      "t_stats": {
        "alpha": 1.37,
        "mkt_rf": 20.634,
        "smb": 8.584,
        "hml": 3.401,
        "rmw": 2.99,
        "cma": 0.682,
        "mom": -0.726
      }
    },
    "DGS": {
      "alpha": -0.00126,
      "mkt_rf": 0.8246,
      "smb": 0.6262,
      "hml": 0.1524,
      "rmw": 0.2273,
      "cma": 0.1373,
      "mom": -0.103,
      "r2": 0.7785,
      "n_months": 79,
      "t_stats": {
        "alpha": -0.037,
        "mkt_rf": 9.358,
        "smb": 3.715,
        "hml": 0.764,
        "rmw": 1.056,
        "cma": 0.515,
        "mom": -0.844
      }
    },
    "USSC": {
      "alpha": 0.02134,
      "mkt_rf": 1.2021,
      "smb": 0.8093,
      "hml": 0.4772,
      "rmw": -0.4583,
      "cma": -0.2941,
      "mom": -0.0827,
      "r2": 0.8914,
      "n_months": 79,
      "t_stats": {
        "alpha": 0.596,
        "mkt_rf": 16.508,
        "smb": 4.13,
        "hml": 2.503,
        "rmw": -1.698,
        "cma": -1.107,
        "mom": -0.915
      }
    },
    "IWVL": {
      "alpha": 0.01068,
      "mkt_rf": 0.887,
      "smb": 0.2077,
      "hml": 0.2124,
      "rmw": -0.1286,
      "cma": 0.3649,
      "mom": -0.1774,
      "r2": 0.9297,
      "n_months": 79,
      "t_stats": {
        "alpha": 0.552,
        "mkt_rf": 20.094,
        "smb": 2.045,
        "hml": 1.974,
        "rmw": -0.984,
        "cma": 2.569,
        "mom": -2.663
      }
    }
  }
}