{
  "factor_rolling": {
    "dates": [
      "2025-10",
      "2025-11",
      "2025-12",
      "2026-01",
      "2026-02",
      "2026-03",
      "2026-04",
      "2026-05"
    ],
    "avgs_vs_swrd_12m": [
      -6.76,
      -5.52,
      -0.92,
      4.86,
      13.32,
      13.34,
      16.51,
      13.99
    ],
    "threshold": -5,
    "drought_months": 0,
    "status": "green",
    "threshold_red": -10
  },
  "factor_loadings": {
    "SWRD": {
      "alpha": 0.00619,
      "mkt_rf": 0.9368,
      "smb": -0.102,
      "hml": -0.1025,
      "rmw": -0.106,
      "cma": 0.0831,
      "mom": 0.013,
      "r2": 0.9681,
      "n_months": 80,
      "t_stats": {
        "alpha": 0.536,
        "mkt_rf": 35.994,
        "smb": -1.938,
        "hml": -1.996,
        "rmw": -1.793,
        "cma": 1.051,
        "mom": 0.434
      }
    },
    "EIMI": {
      "alpha": 0.00737,
      "mkt_rf": 0.846,
      "smb": 0.5402,
      "hml": -0.2911,
      "rmw": -0.4327,
      "cma": 0.4764,
      "mom": -0.0298,
      "r2": 0.6742,
      "n_months": 80,
      "t_stats": {
        "alpha": 0.18,
        "mkt_rf": 8.136,
        "smb": 2.557,
        "hml": -1.447,
        "rmw": -1.524,
        "cma": 1.635,
        "mom": -0.2
      }
    },
    "AVUV": {
      "alpha": 0.01134,
      "mkt_rf": 1.2639,
      "smb": 0.7916,
      "hml": 0.9335,
      "rmw": -0.0111,
      "cma": -0.6024,
      "mom": 0.0402,
      "r2": 0.8766,
      "n_months": 78,
      "t_stats": {
        "alpha": 0.292,
        "mkt_rf": 12.923,
        "smb": 3.449,
        "hml": 4.408,
        "rmw": -0.035,
        "cma": -1.957,
        "mom": 0.358
      }
    },
    "AVDV": {
      "alpha": 0.02635,
      "mkt_rf": 1.058,
      "smb": 0.9117,
      "hml": 0.3675,
      "rmw": 0.5361,
      "cma": 0.1267,
      "mom": -0.0365,
      "r2": 0.9471,
      "n_months": 78,
      "t_stats": {
        "alpha": 1.257,
        "mkt_rf": 21.444,
        "smb": 8.598,
        "hml": 3.354,
        "rmw": 2.992,
        "cma": 0.803,
        "mom": -0.629
      }
    },
    "DGS": {
      "alpha": -0.00278,
      "mkt_rf": 0.8291,
      "smb": 0.6318,
      "hml": 0.1468,
      "rmw": 0.2271,
      "cma": 0.1468,
      "mom": -0.1,
      "r2": 0.7853,
      "n_months": 80,
      "t_stats": {
        "alpha": -0.082,
        "mkt_rf": 9.765,
        "smb": 3.779,
        "hml": 0.737,
        "rmw": 1.055,
        "cma": 0.556,
        "mom": -0.828
      }
    },
    "USSC": {
      "alpha": 0.0284,
      "mkt_rf": 1.1812,
      "smb": 0.7839,
      "hml": 0.5033,
      "rmw": -0.4571,
      "cma": -0.3384,
      "mom": -0.0964,
      "r2": 0.8893,
      "n_months": 80,
      "t_stats": {
        "alpha": 0.786,
        "mkt_rf": 16.198,
        "smb": 3.95,
        "hml": 2.614,
        "rmw": -1.689,
        "cma": -1.26,
        "mom": -1.058
      }
    },
    "IWVL": {
      "alpha": 0.00465,
      "mkt_rf": 0.9049,
      "smb": 0.2295,
      "hml": 0.1901,
      "rmw": -0.1297,
      "cma": 0.403,
      "mom": -0.1656,
      "r2": 0.9285,
      "n_months": 80,
      "t_stats": {
        "alpha": 0.237,
        "mkt_rf": 20.027,
        "smb": 2.249,
        "hml": 1.666,
        "rmw": -0.974,
        "cma": 2.736,
        "mom": -2.492
      }
    }
  },
  "factor_signal": {
    "swrd_ytd_pct": 7.09,
    "avgs_ytd_pct": 17.31,
    "excess_ytd_pp": 10.21,
    "swrd_since_launch_pct": 28.97,
    "avgs_since_launch_pct": 40.01,
    "excess_since_launch_pp": 11.04,
    "avgs_launch_date": "2024-10-14",
    "meses_desde_launch": 18.7,
    "fonte": "yfinance \u00b7 SWRD.L + AVGS.L \u00b7 pre\u00e7os di\u00e1rios",
    "updated": "2026-05-06"
  },
  "factor_value_spread": {
    "hml_composite_3m_pct": 3.8141,
    "sv_proxy_3m_pct": 3.6392,
    "percentile_hml": 48.7,
    "percentile_sv": 48.4,
    "status": "neutral",
    "status_label": "Neutro",
    "weights": {
      "us": 0.58,
      "dev_ex_us": 0.42
    },
    "source_hml": "AQR HML Devil Monthly",
    "source_smb": "Ken French FF5 (US + Developed)",
    "history_start": "1994-02",
    "last_updated": "2026-03",
    "note": "HML timely (AQR). SMB via KF. Pesos = universo global SC (proxies-canonicos.md). Rolling 36m sum \u2192 3m MA."
  }
}