{
  "rrs_SWRD.L_2012-01": {
    "_cached_at": "2026-05-01T17:24:52.381733",
    "_ttl_hours": 24,
    "data": [
      [
        0.013471845861234844,
        0.03227003831582431,
        -0.051287552883292564,
        0.06239270441557654,
        0.01354722957786092,
        -0.03165675399993073,
        0.027848445983071457,
        0.021321681842472184,
        0.031487929100658896,
        0.02538294347892367,
        -0.0026172068893850486,
        -0.09665423601990186,
        -0.10791575974112144,
        0.09410611073035224,
        0.03893848478936768,
        0.03055618997247289,
        0.04748675327099039,
        0.06921709794171704,
        -0.027404281076686687,
        -0.03519409974039778,
        0.12376023386945101,
        0.042169220073425384,
        -0.002540666713044648,
        0.027169785409603575,
        0.030033103921283333,
        0.04404810294070116,
        0.017849551905817496,
        0.011411315714625836,
        0.019246720401554063,
        0.02425521498237715,
        -0.03591860119679158,
        0.04896144457919638,
        -0.01775893523725669,
        0.038160034179687496,
        -0.05586813123757517,
        -0.017793016363905956,
        0.03506732050127548,
        -0.0757867292633102,
        -0.016417645453057905,
        -0.08407669336943446,
        0.07038861359753645,
        -0.029186608691241678,
        -0.08174814728604296,
        0.05537594389280298,
        0.04481041933909746,
        -0.0225439793122596,
        0.06609783593011231,
        -0.016005625797887668,
        0.024309600818129606,
        0.018410266112161455,
        -0.010709389881143005,
        0.06391268013682816,
        0.033862464092628386,
        -0.020549567486441656,
        -0.0412379808672696,
        -0.03605261627726608,
        0.09263287303471923,
        0.05636040476724791,
        0.01386583557050347,
        0.033447303586745525,
        0.03711165068521338,
        -0.031345383967541274,
        0.028780100825119392,
        0.03743914402969861,
        0.011537437614552282,
        0.01830235047070028,
        0.02188070242101614,
        -0.013892382750566923,
        0.044073877622622826,
        -0.020425867180153823,
        0.037849145084516866,
        -0.025631699932220364,
        -0.042114412129002576,
        0.007305904076266412,
        0.06631269016051178,
        0.043665749310685564,
        0.020250192632770947,
        0.019563067586609195,
        0.02841800171827824,
        0.02545696272735265,
        0.0015913592454848136,
        0.01488188459694717,
        0.016855375699198483,
        0.0073899334747808965,
        -0.07203259892930403,
        0.10210798457837034,
        0.009762934685677349
      ],
      [
        "2019-03-31",
        "2019-04-30",
        "2019-05-31",
        "2019-06-30",
        "2019-07-31",
        "2019-08-31",
        "2019-09-30",
        "2019-10-31",
        "2019-11-30",
        "2019-12-31",
        "2020-01-31",
        "2020-02-29",
        "2020-03-31",
        "2020-04-30",
        "2020-05-31",
        "2020-06-30",
        "2020-07-31",
        "2020-08-31",
        "2020-09-30",
        "2020-10-31",
        "2020-11-30",
        "2020-12-31",
        "2021-01-31",
        "2021-02-28",
        "2021-03-31",
        "2021-04-30",
        "2021-05-31",
        "2021-06-30",
        "2021-07-31",
        "2021-08-31",
        "2021-09-30",
        "2021-10-31",
        "2021-11-30",
        "2021-12-31",
        "2022-01-31",
        "2022-02-28",
        "2022-03-31",
        "2022-04-30",
        "2022-05-31",
        "2022-06-30",
        "2022-07-31",
        "2022-08-31",
        "2022-09-30",
        "2022-10-31",
        "2022-11-30",
        "2022-12-31",
        "2023-01-31",
        "2023-02-28",
        "2023-03-31",
        "2023-04-30",
        "2023-05-31",
        "2023-06-30",
        "2023-07-31",
        "2023-08-31",
        "2023-09-30",
        "2023-10-31",
        "2023-11-30",
        "2023-12-31",
        "2024-01-31",
        "2024-02-29",
        "2024-03-31",
        "2024-04-30",
        "2024-05-31",
        "2024-06-30",
        "2024-07-31",
        "2024-08-31",
        "2024-09-30",
        "2024-10-31",
        "2024-11-30",
        "2024-12-31",
        "2025-01-31",
        "2025-02-28",
        "2025-03-31",
        "2025-04-30",
        "2025-05-31",
        "2025-06-30",
        "2025-07-31",
        "2025-08-31",
        "2025-09-30",
        "2025-10-31",
        "2025-11-30",
        "2025-12-31",
        "2026-01-31",
        "2026-02-28",
        "2026-03-31",
        "2026-04-30",
        "2026-05-31"
      ]
    ]
  },
  "rrs_AVGS.L_2012-01": {
    "_cached_at": "2026-05-01T17:24:52.639521",
    "_ttl_hours": 24,
    "data": [
      [
        0.07558019209763867,
        -0.051227101819056986,
        0.031014581110408335,
        -0.039678519189446315,
        -0.025059579853064617,
        -0.018471280752014763,
        0.07294314182093342,
        0.03816704548206684,
        0.007971423493378538,
        0.07129368305593631,
        -0.00044073286233847764,
        -0.010141073154387947,
        0.04086857510272068,
        0.02385787630700409,
        0.05956117825917451,
        0.057396445830810494,
        -0.052415619125145696,
        0.0881889686913222,
        0.000723605579063813
      ],
      [
        "2024-11-30",
        "2024-12-31",
        "2025-01-31",
        "2025-02-28",
        "2025-03-31",
        "2025-04-30",
        "2025-05-31",
        "2025-06-30",
        "2025-07-31",
        "2025-08-31",
        "2025-09-30",
        "2025-10-31",
        "2025-11-30",
        "2025-12-31",
        "2026-01-31",
        "2026-02-28",
        "2026-03-31",
        "2026-04-30",
        "2026-05-31"
      ]
    ]
  },
  "rrs_AVEM_2012-01": {
    "_cached_at": "2026-05-01T17:24:53.067588",
    "_ttl_hours": 24,