{
  "_meta": {
    "descricao": "Snapshots periódicos da Carteira Viva (Google Sheets). Cada entrada representa uma leitura da aba Historico. Fonte primária para cross-check vs dados/historico_carteira.csv (pipeline).",
    "colunas_chave": {
      "patrimonio_brl": "Total portfolio em BRL (Sheets live)",
      "ibkr_usd": "IBKR equity em USD",
      "ibkr_brl": "IBKR equity em BRL",
      "rf_brl": "Renda Fixa total em BRL (IPCA+)",
      "reserva_brl": "Reserva de Emergência em BRL",
      "ptax": "PTAX BRL/USD calculada implicitamente",
      "etfs": "Lista de ETFs com pesos atuais e metas",
      "coe_brl": "COE XP asset value em BRL (snapshot ao vivo, da daily row mais recente)",
      "emprestimo_xp_brl": "Empréstimo XP liability em BRL (negativo, snapshot ao vivo)",
      "coe_by_month": "COE XP net position por mês {YYYY-MM: {coe_brl, emprestimo_brl, net_brl}}"
    }
  },
  "coe_by_month": {
    "2026-04": {
      "coe_brl": 172869.1,
      "emprestimo_brl": -108788.48,
      "net_brl": 64080.62000000001
    },
    "2026-03": {
      "coe_brl": 172869.1,
      "emprestimo_brl": -108788.48,
      "net_brl": 64080.62000000001
    },
    "2026-02": {
      "coe_brl": 172869.1,
      "emprestimo_brl": -108788.48,
      "net_brl": 64080.62000000001
    },
    "2026-01": {
      "coe_brl": 172869.1,
      "emprestimo_brl": -108788.48,
      "net_brl": 64080.62000000001
    },
    "2025-12": {
      "coe_brl": 172869.1,
      "emprestimo_brl": -108788.48,
      "net_brl": 64080.62000000001
    },
    "2025-11": {
      "coe_brl": 156303.07,
      "emprestimo_brl": -106768.84,
      "net_brl": 49534.23000000001
    },
    "2025-10": {
      "coe_brl": 156303.07,
      "emprestimo_brl": -106768.84,
      "net_brl": 49534.23000000001
    },
    "2025-09": {
      "coe_brl": 156303.07,
      "emprestimo_brl": -104671.24,
      "net_brl": 51631.83
    },
    "2025-08": {
      "coe_brl": 153452.83,
      "emprestimo_brl": -98293.2,
      "net_brl": 55159.62999999999
    },
    "2025-07": {
      "coe_brl": 153452.83,
      "emprestimo_brl": -98293.2,
      "net_brl": 55159.62999999999
    },
    "2025-06": {
      "coe_brl": 144637.97,
      "emprestimo_brl": -98293.2,
      "net_brl": 46344.770000000004
    },
    "2025-05": {
      "coe_brl": 144637.97,
      "emprestimo_brl": -98293.2,
      "net_brl": 46344.770000000004
    },
    "2025-04": {
      "coe_brl": 144637.97,
      "emprestimo_brl": -98293.2,
      "net_brl": 46344.770000000004
    },
    "2025-03": {
      "coe_brl": 144637.97,
      "emprestimo_brl": -98293.2,
      "net_brl": 46344.770000000004
    },
    "2025-02": {
      "coe_brl": 156323.11,
      "emprestimo_brl": -94524.59,
      "net_brl": 61798.51999999999
    },
    "2025-01": {
      "coe_brl": 156323.11,
      "emprestimo_brl": -94524.59,
      "net_brl": 61798.51999999999
    },
    "2024-12": {
      "coe_brl": 156323.11,
      "emprestimo_brl": -94524.59,
      "net_brl": 61798.51999999999
    },
    "2024-11": {
      "coe_brl": 156323.11,
      "emprestimo_brl": -94524.59,
      "net_brl": 61798.51999999999
    },
    "2024-10": {
      "coe_brl": 145047.17,
      "emprestimo_brl": -92275.28,
      "net_brl": 52771.890000000014
    },
    "2024-09": {
      "coe_brl": 145047.17,
      "emprestimo_brl": -92275.28,
      "net_brl": 52771.890000000014
    },
    "2024-08": {
      "coe_brl": 145047.17,
      "emprestimo_brl": -92275.28,
      "net_brl": 52771.890000000014
    },
    "2024-07": {
      "coe_brl": 149188.68,
      "emprestimo_brl": -91087.44,
      "net_brl": 58101.23999999999
    },
    "2024-06": {
      "coe_brl": 143104.95,
      "emprestimo_brl": -90339.51,
      "net_brl": 52765.44000000002
    },
    "2024-05": {
      "coe_brl": 138087.26,
      "emprestimo_brl": -88773.15,
      "net_brl": 49314.110000000015
    },
    "2024-04": {
      "coe_brl": 138087.26,
      "emprestimo_brl": -88773.15,
      "net_brl": 49314.110000000015
    },
    "2024-03": {
      "coe_brl": 136663.92,
      "emprestimo_brl": -88304.57,
      "net_brl": 48359.350000000006
    },
    "2024-02": {
      "coe_brl": 131490.58,
      "emprestimo_brl": -87750.68,
      "net_brl": 43739.899999999994
    },
    "2024-01": {
      "coe_brl": 117931.6,
      "emprestimo_brl": -85793.1,
      "net_brl": 32138.5
    },
    "2023-12": {
      "coe_brl": 117931.6,
      "emprestimo_brl": -85793.1,
      "net_brl": 32138.5
    },
    "2023-11": {
      "coe_brl": 117153.3,
      "emprestimo_brl": -83376.84,
      "net_brl": 33776.46000000001
    },
    "2023-10": {
      "coe_brl": 117153.3,
      "emprestimo_brl": -83376.84,
      "net_brl": 33776.46000000001
    },
    "2023-09": {
      "coe_brl": 117153.3,
      "emprestimo_brl": -83376.84,
      "net_brl": 33776.46000000001
    },
    "2023-08": {
      "coe_brl": 119829.01,
      "emprestimo_brl": -82237.26,
      "net_brl": 37591.75
    },
    "2023-07": {
      "coe_brl": 119829.01,
      "emprestimo_brl": -82237.26,
      "net_brl": 37591.75
    },
    "2023-06": {
      "coe_brl": 112830.19,
      "emprestimo_brl": -81323.74,
      "net_brl": 31506.449999999997
    },
    "2023-05": {
      "coe_brl": 98450.47,
      "emprestimo_brl": -79084.08,
      "net_brl": 19366.39
    },
    "2023-04": {
      "coe_brl": 98450.47,
      "emprestimo_brl": -79084.08,
      "net_brl": 19366.39
    },
    "2023-03": {
      "coe_brl": 94371.46,
      "emprestimo_brl": -77730.53,
      "net_brl": 16640.930000000008
    },
    "2023-02": {
      "coe_brl": 94371.46,
      "emprestimo_brl": -77730.53,
      "net_brl": 16640.930000000008
    },
    "2023-01": {
      "coe_brl": 92556.64,
      "emprestimo_brl": -77179.94,
      "net_brl": 15376.699999999997
    },
    "2022-12": {
      "coe_brl": 92324.99,
      "emprestimo_brl": -75436.46,
      "net_brl": 16888.53
    },
    "2022-11": {
      "coe_brl": 92324.99,
      "emprestimo_brl": -75436.46,
      "net_brl": 16888.53
    },
    "2022-10": {
      "coe_brl": 95593.16,
      "emprestimo_brl": -71107.93,
      "net_brl": 24485.23000000001
    },
    "2022-09": {
      "coe_brl": 95593.16,
      "emprestimo_brl": -71107.93,
      "net_brl": 24485.23000000001
    },
    "2022-08": {
      "coe_brl": 95593.16,
      "emprestimo_brl": -71107.93,
      "net_brl": 24485.23000000001
    },
    "2022-07": {
      "coe_brl": 93008.25,
      "emprestimo_brl": -71107.93,
      "net_brl": 21900.320000000007
    },
    "2022-06": {
      "coe_brl": 93008.25,
      "emprestimo_brl": -71107.93,
      "net_brl": 21900.320000000007
    },
    "2022-05": {
      "coe_brl": 91664.12,
      "emprestimo_brl": -70739.17,
      "net_brl": 20924.949999999997
    },
    "2022-04": {
      "coe_brl": 94600.24,
      "emprestimo_brl": -70185.43,
      "net_brl": 24414.810000000012
    },
    "2022-03": {
      "coe_brl": 103840.8,
      "emprestimo_brl": -69604.7,
      "net_brl": 34236.100000000006
    },
    "2022-02": {
      "coe_brl": 98976.42,
      "emprestimo_brl": -68942.59,
      "net_brl": 30033.83
    },
    "2022-01": {
      "coe_brl": 99792.45,
      "emprestimo_brl": -68484.64,
      "net_brl": 31307.809999999998
    },
    "2021-12": {
      "coe_brl": 111912.22,
      "emprestimo_brl": -67963.17,
      "net_brl": 43949.05
    },
    "2021-11": {
      "coe_brl": 111728.77,
      "emprestimo_brl": -67369.3,
      "net_brl": 44359.47
    },
    "2021-10": {
      "coe_brl": 105040.09,
      "emprestimo_brl": -67054.72,
      "net_brl": 37985.369999999995
    },
    "2021-09": {
      "coe_brl": 104126.18,
      "emprestimo_brl": -66702.53,
      "net_brl": 37423.649999999994
    },
    "2021-08": {
      "coe_brl": 104660.38,
      "emprestimo_brl": -66442.97,
      "net_brl": 38217.41
    },
    "2021-07": {
      "coe_brl": 101551.89,
      "emprestimo_brl": -66162.35,
      "net_brl": 35389.53999999999
    }
  },
  "snapshots": [
    {
      "fetched_at": "2026-04-25T16:45:15Z",
      "fonte": "sheets/Historico/live",